essay_id,prompt,text,words,seg_grade,seg_gender,seg_economic,seg_race,seg_split,overall_r1,overall_r2,overall_human,cohesion_r1,cohesion_r2,cohesion_human,syntax_r1,syntax_r2,syntax_human,vocabulary_r1,vocabulary_r2,vocabulary_human,phraseology_r1,phraseology_r2,phraseology_human,grammar_r1,grammar_r2,grammar_human,conventions_r1,conventions_r2,conventions_human
00299B378633,Grades for extracurricular activities,"Dear, Principal

If u change the school policy of having a grade b average that unfair. Because many students have a C average. So that means that they cant go out for sports or other activities they want to do bad. That's like taking everything they have. What if kids want to become good at something, but now they cant because of that school policy. If they have a C average they should still be able to go out for sports or activities. A C average isn't that bad, its higher then a D average. If the school police was if you have a D average of lower they shouldn't do sports or activities. If they have a D average in school for not working hard, that's means that they in ain't going to try hard. If they have a C average and there trying hard they should be able to out for sports or activities. What if all the good people in sports have a C average in school, that means that they cant play and were going to lose every game we have. That's a good policy to get grade's up but don't take away something they care about. Everyone should be able to go out for sports if they want to. If the school policy happens, schools going to be boarding now, because now students cant go out for sports or other activities. The students that are doing good in school should feel good about themselves but we shouldn't take the other students away from the others ones. If we do this policy student will try to raised their grade but if they cant what happens they them. Should they just be out of it and think that schools boarding. If they do this its like taking away their video games. All I'm saying is that they have the right to go out for sports or activities.",310,8,Male,Economically disadvantaged,Hispanic/Latino,train,3,3,3,3,3,3,4,3,3.5,3,3,3,3,3,3,3,3,3,2,3,2.5
038480498E5A,Grades for extracurricular activities,"Dear Principal,

I think that it is a great idea for you not to allow students that have a C average to participate in sports. My first reason, is because a lot of kids who have good grades such as B' s and A' s they don't get as distracted in school. Therefore, they will be focused better in their activity, and not in doing something like homework. People who have C' s, D' s , and F' s they will not be focused in the sports activity because they have to worry about doing homework and getting their grades up. Because they are responsible for having bad grades they shouldn't participate in school activities. Maybe you ask ""What if someone has the potential in playing but doesn't have the grades"". Its probably because they get to distracted, in playing sports and not doing their work. Kids who have bad grades tend to be lazy, and if we let them be on the team how can we expect to win if one of the members is not even participating. Another reason why, you should have good grades and be able to participate in activities is because it will look good when you go to college. There are more chances for you to get into a better college that you will like. And when you get a job you will get a well paying job. In conclusion, that is why I think the principal shouldn't let students who have a lower than a C average participate in school sports activities. One because they are lazy, and not well focused in school. I think it will be way better if kids who have good grades get the credit for participating in both sports and class work. These are my reasons why I think students who have B average should be involved in school activities and kids who have a C average shouldn't.      ",314,8,Female,Economically disadvantaged,Hispanic/Latino,train,4,3,3.5,5,3,4,3,3,3,4,3,3.5,4,3,3.5,3,3,3,4,3,3.5
2568B64DB374,Grades for extracurricular activities,dear principal it think that it is not fair the way that you are not letting all of us students not participate in all the sports here in SCHOOL_NAME only if you have b average you may play .please if you let us play the sports without a b average not all of us are perfect at what we are. plus if you don't let other kids play sports without a b average it will be total chaos if you don't let us students will not try there best to put in effort in to there grade .there fore if you do decide to let other children with different grade average they may pick up there grade if you allow them to play there sports. there personality may change and start acting right and then all of the kids would have a b average and you'll be so proud of your school and how much effort the put into there school work and the way they act who knows they might even mature . in conclusion that is why i think that you may want to rethink about the rule on sports that you want to pass I hope you don't want to pass this new policy because your doing something that the children of SCHOOL_NAME would not appreciate because sports are a big part of SCHOOL_NAME and for you just to make a decision like that is hurtful to the kids who play sports here in SCHOOL_NAME,239,8,Male,Economically disadvantaged,Hispanic/Latino,train,3,3,3,4,3,3.5,3,2,2.5,4,4,4,4,3,3.5,3,3,3,3,3,3
2909EE180A2A,Grades for extracurricular activities,"Dear Principal,

I think it fair that kids who have a B average should choose a sport but kids how have F. Should not be able to choose a sport because then they worried more about there sport. Then about school or school work then they don't have time to do there homework. Then they might even fail the grade there in. But people who have a B should be able to choose a sport because there doing well in school. And not failing in school there tried hard so they should be able to choose a sport that they like. But if they start doing bad in school or not doing there homework and start to get an F they should talk to the student. And tell him/her if they have a sport and still have B average or in the next test they take and get an F. there going to have take away there sport till she /he has better grades.",162,8,Female,Economically disadvantaged,Hispanic/Latino,train,3,3,3,2,4,2.5,3,3,3,3,3,3,4,4,4,2,3,2.5,3,3,3
323F5DADC975,Grades for extracurricular activities,"Dear principal

I think is great idea that the student must B average to participate in sports because it would help student there grades and benefit or learn more. some many kids all the world want to be sport famous player. and another reason is that they have to do their homework , study for their test and participate in class so that can play any activities they want or dream about that they will be come one day. getting B or A average in every day i would be awesome because some o]f the student don't believe that they can do they work and get good grand to they can play the sport the like to be come on day.

always believe in your self no matter what other thing about. once again i love

that idea !!!!.",135,8,Female,Economically disadvantaged,Black/African American,train,3,2,2.5,2,3,2.5,3,2,2.5,3,3,3,3,2,2.5,3,2,2.5,2,3,2.5
38EE843B5CD1,Grades for extracurricular activities,"Dear, Principal

What you are doing the thing is the wrong for people that like sports such as soccer, football, baseball, basketball and other sports student would like to do. I think it would be best if you would let students like me do these sports. I think that the grade average should be a pass grade for students. A grade B average is wrong and should be a C or close to an D as long as it passing. You should think about what you are doing to people that like sports. I like soccer and it would wrong if i didn't get to try out for that all because i don't have a B as a average. You should learn a way how to improve grades without taking sports away from us the students. And that also goes for other activities. Think about and thanks for your time.      ",148,8,Male,Not economically disadvantaged,Hispanic/Latino,train,3,3,3,3,3,3,4,3,3.5,3,3,3,3,3,3,3,3,3,4,4,4
4288F88C8D15,Grades for extracurricular activities,"I think if your good and sports you can participate in sports. But you atleast have to try to do better at school. Because if you don't them you can't participate in sports like compate with others school or team. It so cool because, one time I compate with other school in baskteball and voleyball. But we lost In voleyball but in basketball we won. I was So happy because you get so exited and then nervous because then you think that your going to lose but you never know ig you don't try. So I think that if you have a C or B you can still make to the team or do some sprots. When I won I was with a C avarage and my coach. Didn't care she put me because I was good. And that what I think principal so please don't change the rules. And if i want to do and acticity well if I have a C than, she atleast can check my conduct in class. Or maybe some student don't have a B avarage they could got and C and they could be one of the best. But the pricipal want to change the rule right.",197,8,Female,Economically disadvantaged,Hispanic/Latino,train,3,3,3,3,3,3,3,2,2.5,3,3,3,3,3,3,3,3,3,2,2,2
53E542321463,Grades for extracurricular activities,"Dear Principal,

I agree with what you think but sometimes students need sport so that they can think better. I am in a sport and I wouldn't like to miss my sport. I believe students should keep playing sports but their grade average should go up at least to a B. I am worthy that students grades will go up.

Think about it's if the students are in sports because you nor their parents would want them out of the house to go with a group of bad people. so think about what I am telling you then write back. I hope you agree with what i am writing. Just think that you were a kid without sport and out in the street with those bad people.

Sincerely STUDENT_NAME",126,8,Female,Economically disadvantaged,Hispanic/Latino,train,3,3,3,3,3,3,3,3,3,3,3,3,3,2,2.5,3,3,3,5,3,4
5EA76942F5C7,Grades for extracurricular activities,Me as a student think that we should have at least a (C) because most students use sports to express their feeling out. Sometimes if they don't get what they want they will just stop trying; in school work or even homework. But in the other hand some other students will try harder so they can play or do what they love. So a (C) sounds good but a (B) sounds even better; so students like me could try even harder and have a modification to so. So I say to the principal great gob and keep it up. When we are looking back and when we have a great job that we like; we look back to middle school and say thank u for pushing us to max when it came down to doing work THANK YOU.,137,8,Male,Economically disadvantaged,Hispanic/Latino,train,3,3,3,3,2,2.5,3,3,3,4,2,3,4,3,3.5,3,3,3,3,3,3
69FF884BCEA1,Grades for extracurricular activities,"i don't agree whit considering changing school policy so that student may not participate in sports or other activities unless they have at least a grade B average because getting a B in all classes is going to be hard everybody love to play sports o other activities.a gree whit you if you put that the student cut play sports or other activities if they have lice a C.because is going to be more easy for them to get a C+ than a B because you tiring see in which class they need to have a B for the y cut play sports or other activities.

so that mean that they need to have in all the clases B for they cut play sports or other activities.i don't agree whit you because is going to be hard for them to get a B for that they cut play sport or other activities and many of the student have C on there clases,they are going to pase whit C they are doing a good jod in class.in me opinion,i see that i let the student that have C,B AND A to play sports and other activities byt the students that have D and F they cut not play in sports or other activities because there are feling the year and if why leat them play so they are not going to do good in class for that they cut pass the year.that is why i don't agree whit your idea because if they have C is fin they are pasing the year but the students that have D and F they are not pasing.dos are the students that you need to see that if they don't have C or B they cut not play or participate in sports or other activities.your adia is good but like those student that have c they are doing all that they can to pass that years and is not fear to them that they are doing all that they can to get a C and that you see that they need to have a B for that they cut play sports or other activities.finally,i don't agree because is not going to be fear for them that they get C on there class and you set that they cut not play sports or other activities because they don't have B.",377,8,Male,Economically disadvantaged,Hispanic/Latino,train,2,2,2,3,2,2.5,2,2,2,2,3,2.5,2,2,2,2,2,2,2,2,2
6B56C630FFC5,Grades for extracurricular activities,"Principal

This is my opinion of your future change in the school activities. I'm not in favor in this change, if the students are good players, the principal have to let they play at least they have a grade C average, but if the students don't have a good grade, like F or D, the principal have to tell they that they can't play anymore, till they make a good grade.

This change can do a good change because the students that play a sport or if they are in the band, and if they care more in the activity that they play, maybe that can be distorting the student, that can be the reason of why they don't have good grades, so the students what the students have to study at the same with their sport or other activity, and be good with both. Maybe the students are better in their activity because sometimes we have more fun, and because we like to be in more movement. I have to tell that the idea of tell us about this cange and for give us the opportunity to let us tell you, our opinion is good.",192,8,Female,Not economically disadvantaged,Hispanic/Latino,train,2,3,2.5,2,3,2.5,2,2,2,3,3,3,2,3,2.5,3,3,3,2,4,2.5
709156BCF733,Grades for extracurricular activities,"Dear Principal:

I think students must have a least a B average to participate in sports. That way the students can bring their grades up. A lot of students would want to bring their grades up because they would like to participate in sports. That's a way students can bring up their grades. Maybe the students can bring their grade up and that way the students can work harder in class.

That way students can work hard and participate in a sport that they deserve for getting good grades. This policy may work so students can bring their grade up and stop failing their classes. One way they can bring up their up and be able to participate in sports is by turning in there homework and completing their work in class.

Here at SCHOOL_NAME we have a policy that says "" If you have more than three (F)'s you cant participate in a sport"". That's why a lot of students try to get a good grade, and that's why the students turn in all their work, in order to participate in a sport. Their is a lot of students in SCHOOL_NAME that don't have good grades and cant participate i",193,8,Female,Economically disadvantaged,Hispanic/Latino,train,4,3,3.5,4,3,3.5,4,3,3.5,3,3,3,3,3,3,5,4,4.5,4,3,3.5
7820048B53C8,Grades for extracurricular activities,"Dear principal,

You are changing school policy so student that have a C average can not participate in sports or other activities unless the students have at least a B average .I think that students that have a C average should at least have an extra class that they need help in so they can pull up their grades up so the students can participate in sports or activities. If the teachers of the student think that they are working hard to bring their grades up at least the principal should give the students 30 minutes of free time on the activities or sports they want to participate in.

The school should make a contract saying that students that have a C average cant participate in sports or activities. The parents ,teacher ,principal ,and the student should sign the contract .The students that don't even try to work hard to get a B average should stay an hour after school to catch up the work they have been missing. the students that don't recognized that what their doing is wrong and they don't get privileges like other students do.

sincerely, STUDENT_NAME

1-27-11",186,8,Female,Economically disadvantaged,Hispanic/Latino,train,3,3,3,3,3,3,2,3,2.5,3,3,3,3,3,3,4,3,3.5,4,3,3.5
7835355C55D8,Grades for extracurricular activities,"Dear TEACHER_NAME,

I WRITE THIS LETTER TO SAID THAT IS NOT FAIR THAT Only the people that have good grades can play in one of the sport. All the people with A, or B can play because the C is the baldest grade on the school. Because people",47,8,Female,Economically disadvantaged,Hispanic/Latino,train,2,3,2.5,1,3,2.5,2,3,2.5,3,3,3,2,3,2.5,2,3,2.5,3,3,3
82618B162AAC,Grades for extracurricular activities,"I don't think its fair to change the policy.

What if the students were close to have an a grade or b ? We all are trying are best and for you gust to come and change the policy. students are even going to have worse grades. Because them thinking that they could only be in a sport if they have an a or b . And them trying there best to bring grades up and have more points! ITS NOT fair.

I say you just leave the things the way it is! Kids are going to do better in school and bring there grades up. But if you just come and take those sports away trust me its not going to be so good at all! Guys are going to argue about soccer and foot ball. Girls are going to argue about there sports and there not going like it.

Leave everything the way you think is best but there not going to like it and the scores are going to down. And your not going to like the way everything is going to be.",183,8,Female,Economically disadvantaged,Hispanic/Latino,train,3,3,3,4,3,3.5,3,3,3,3,3,3,3,3,3,2,3,2.5,4,3,3.5
833F25175AFC,Grades for extracurricular activities,"Dear principal

my name is STUDENT_NAME and I don't agree with the new school sports policy. My opinion about the school policy that no one should be left behind that every one should have a chances to participate in the sport that they want to play. Am an example because I cant play sports because of my grades I love to play volleyball butt i cant participate i fell left out. When I see the other girls with there uniform am I just look away that just makes me fell like dam I should be on the team. I know that there is more kids out there that want to participate and fell the same why I do.

Some kids

that I know are in gangs because of that reason. Ether just because of that resounds that they cant participate.T            ",137,8,Female,Economically disadvantaged,Hispanic/Latino,train,3,3,3,3,2,2.5,3,3,3,3,2,2.5,3,3,3,3,3,3,3,2,2.5
8593D649EBE4,Grades for extracurricular activities,"Dear, TEACHER_NAME

I know that us student are responsible for our grades in school but a B average just to play sports or be i some sort of activity is pretty dumb most students have C averages if you change this policy you will have lots of mad parents or students i think you don't want to be the bad guy here. I think and i think i speak for the whole school we at least should have a D average because if you really want to play in a sport or do an activity you should keep your grades up above an F that way you passing you class or classes but you also know that its not all fun and games you have to do your studies first in order to be in any type of activity and if you do good in school you can accomplish anything in life. I know parents say that its good to be in any type of sport but you have to like its because it keeps you out of trouble well its true i mean if you change this policy you might see this straight student go from a good student to always calling his/her patrol officer to see if he/her doesn't have any type of weapon's please TEACHER_NAME think about how this is going to affect the students and our community.",224,8,Male,Not economically disadvantaged,Hispanic/Latino,train,3,3,3,3,3,3,2,3,2.5,3,3,3,3,3,3,3,3,3,3,3,3
8B9EEF86DD66,Grades for extracurricular activities,"Dear Principal,

I just want to let you know my opinion about not letting student who have less than a C in their grades participate in any of the activities. I think that it is right that you do that rule in our school because if you do, it might help the students understand that it is really important that they have good grades.

This may help the students but not only them it might help the teachers to. I think this because it will help the teacher because they will have more interest in teaching us the students because they will know that we may attention and not that we just play around in class. It will help the students because they will know that if they try hard to bring their grades up they will be able to participate in the activities.

So, I really think this will help us so that we may attention more to our grades. I think that this is important because I personally think that my grades are important to me and to my family. I think that yes you should do this rule that if you don't have more than a C you don't get to participate in any of the school activities that we have.

Sencerly, YOUR S",215,8,Female,Economically disadvantaged,Hispanic/Latino,train,4,4,4,4,3,3.5,4,4,4,4,4,4,3,4,3.5,3,3,3,4,4,4
9000217714BE,Grades for extracurricular activities,"To. Principal,

My opinion about this change is a good idea. But also many students have a grade of a (C) or lower it would not be a good idea changing the policy sport grade for those students. For others this policy my be a good idea because that way students that love sport's can start doing much better in school and have better grades. A, (B) or higher is a good grade so that way they can play a sport they like.

Teachers would probably accept this policy so that way their students will pay more attention. This change would not effect much but for students who don't study this idea might not be good, and might fill bad because they love sport's but can't play them for having to not pay attention or do your work at home.

Instead we should vote to see if we like this policy or not so we wont have to pass thru all this stuff of the policy changing. A fact about students here in SCHOOL_NAME would choose not to accept this new school policy because the old policy is u can't have more than three (F) and i would say the old policy is better than the new one our principal want to change it to. So if i pick my own decision it would be no changing policy and its good as it is and the policy they should really change is having to no wear uniform to school because its such a distraction to me an much others.

sincerely, STUDENT_NAME",254,8,Female,Economically disadvantaged,Hispanic/Latino,train,3,3,3,2,4,2,3,3,3,3,4,3.5,2,3,2.5,2,3,2.5,3,3,3
91B88A23A5E4,Grades for extracurricular activities,"Dear principal,

you are considering of changing school policy so that we the students may not participate in sports or other activities unless we have at least a grade B average. while many of us have a grade C, i know you are trying to make us bring our grades up by doing this but understand that we like doing sports and activities especially our favorites but you can't do that because it sounds like threat to us. you can do something else but not stopping us from sports and activities without making at least a B, please cancel this policy because we really need sports and activities to keep our body focus and healthy and we also promise to keep the good grades and do our homework's, and try our best to keep up the A' s and B 's.

P. s please don't forget we love sports and activities because we the students really have fun with it.

Thank you.

From Your

Students",162,8,Female,Economically disadvantaged,Black/African American,train,4,3,3.5,3,3,3,3,3,3,4,3,3.5,3,3,3,4,3,3.5,4,3,3.5
AEF788DA28DE,Grades for extracurricular activities,"I think that the principal should not change the school policy because there are many students in school that the only thing that make them happy is sports; and that is what makes them stay away from trouble. But if you take that away from them there going to have nothing and they wont be looking forward to going to school. And they may feel that they are not good in any thing but sports; and it motivates you to be better in school it teaches you how to cooperate with other student , how to be a good leader/captain, and many more. That's why I think that the principal should not change the school sports policy.",114,8,Female,Economically disadvantaged,Black/African American,train,3,4,3.5,2,4,3,3,3,3,4,4,4,3,3,3,3,3,3,3,4,3.5
AF39DC7FF677,Grades for extracurricular activities,"Dear, Principal

These kids should be allowed to participate in the sports and activities. the kids a your school try very hard to get over a D to participate in your activities. these kids wake up ever morning to go school to study and work hard. if you let these wonderful kids participate in the activities trust me they will try harder to get better grades and to make your school top in the state. these kids just don't want to work they want to have some fun with their friends. but once their fun is over they must go back to work. thank you for letting me share my opinion .            ",110,8,Male,Economically disadvantaged,Asian/Pacific Islander,train,3,3,3,3,2,2.5,3,3,3,3,3,3,4,3,3.5,4,4,4,4,3,3.5
B6F445EE304C,Grades for extracurricular activities,"Dear principle:

I think that changing policy so that students may not participate in sports or other activities unless they have at least a grade B average is a good idea. Students mostly don't try hard unless they're rewarded. If you change this policy maybe students will try on they're best to get a grade B or above. They will see their friends playing all these activities on their hard and best work. So next time they would want to try hard and play those activities.

On the other hand though, not every kid is good at every subject. If kids try their best on the subject and still don't get a grade B average, this wouldn't be fair to them. They would be a lot of students who wouldn't agree with me because of this reason.

Changing school policy isn't a great idea, but to make the students get good grades and to benefit their lives, in that case then it would be good idea. Not every students will agree with me but that's the best way to get them educated even though it wouldn't be fair.

sincerely yours,

STUDENT_NAME",181,8,Female,Economically disadvantaged,Black/African American,train,3,3,3,4,3,3.5,4,3,3.5,3,3,3,3,3,3,3,3,3,3,3,3
B8624C2D465A,Grades for extracurricular activities,"For various reason's i think that student's should have at least a B average to be able to participate in sports or other activities. the first reason is because a lot of student's maybe think that a C average it good. But , for many other student's a B is a better average then, a C.

Also, i think that it would be a better reason for the student's because a lot of student's want to participate in sports or other activities. So, then they could focus more in school and, get good average's.

The second reason is that parent's would also be happy for there children to have good grade's and, that they could participate in school activities. and, also they will be proud of there self's. So",118,8,Female,Economically disadvantaged,Hispanic/Latino,train,3,2,2.5,4,2,2.5,3,2,2.5,2,2,2,3,2,2.5,3,3,3,2,2,2
B8961D64A158,Grades for extracurricular activities,"dear principal,

I would like you to change the policy to at least a b to get in sports because people would work harder for it and because you would have much more people passing school and getting healthier. It would get more people cunserned on there grade and will ask for help to there teacher or they would stay after school for tottering. people would do better in sports because they learned how to do it. And it would make the collages wont them even more. It also make less people feal on there test or any exam because they would have studied allot more then they have before. people would wont to work so hard to get in any sports they wonted and when the get that score that they wonted they would be happy of what they got",141,8,Male,Economically disadvantaged,Hispanic/Latino,train,3,3,3,4,2,3,3,3,3,3,3,3,3,3,3,3,3,3,2,2,2
BA14C47026ED,Grades for extracurricular activities,The principal is considering changing school policy and she have what the students is good and the principal where the students change possible policy. Be sure to support and specific reasons . many students have a grade C average and least a grade B average to principal in sports or other activities. she would to hear the students views on this possible policy change. and the principal can do in participate in the students to policy change.,76,8,Female,Economically disadvantaged,Hispanic/Latino,train,2,2,2,2,2,2,2,2,2,2,3,2.5,1,2,1.5,2,3,2.5,2,3,2.5
C1C75CB3BB17,Grades for extracurricular activities,"Dear Principal,

I'm against for having a grade B average or up because a lot of students wants to play some sports too. Their's a lot of great students who's really good at sports and some other activities, but has bad grades. Many students can improve their grades, a C is a good grade so why can't they play.

Playing sports can help make some students want to make their go up. If grades from A,B,C could their will be a lot of students playing and having fun, so if only students with grade B average could play there won't a lot, less than with students with grade C average to play, and by the way not everyone likes playing sports so everybody with a C or up could play maybe the team could be full. This is my reason about that students with grades C average or up could play.",145,8,Male,Economically disadvantaged,Asian/Pacific Islander,train,3,3,3,3,3,3,3,2,2.5,3,3,3,3,2,2.5,3,3,3,3,3,3
C7BD62EA392F,Grades for extracurricular activities,"Dear Principal:

I personally don't think its a good idea that your considering changing school policy so that people may not participate in sports or other activities unless they have at least a grade B average.

Sports has nothing no do with school, that's just another activity that's after school and the better you play sports the better your going to be good at school, specially with your grades. It keeps you organized and makes you stay on topic. For people sports are really important and really fun to play, it makes you runs and concentrated on how you play. You might think that for some reason that's why people are getting a bad grade average, but its not like that. I consider that sports are really important to me, and even if i don't play in a team i still love to play any kind of sport. It keeps me awake and motivated. It keeps me from stop being lazy all the time. There are 2 main reasons why i don't think its a good idea that you should change that policy. My first main reason is sports have nothing to do with school ,is just another amazing activity that people would enjoy instead of just watching TV or being on the computer. My second reason is like my mom always told me a story. When she was little and lived back in Mexico, she would tell me all about her childhood and what she would do at my age. She used to tell me that she would run every morning to exercise and breath the fresh air outside, after that she would be with my grandfather and helping him with everything that she could and then she would play Basketball with her friends. Having a little challenge to see who would win and just to have fun. I remember asking her if sports had to do anything with school? if that was an activity to bring my grades up ?' What she said Exactly was "" They invented sports so that kids, teenagers and people would have a routine and be a better person. Believe it or not mostly for teenagers, sports brings there grade up and well organized , and when i started playing sports, it did bring my grade up. What the captains do is that they show you how to be on time and do all your assignments so its similar to sports.''

I'll never forget the message that my mom gave me about sports.

Sincerely : STUDENT_NAME",410,8,Female,Not economically disadvantaged,Hispanic/Latino,train,4,3,3.5,5,3,4,3,3,3,4,3,3.5,4,3,3.5,3,3,3,4,3,3.5
CBE7994D8199,Grades for extracurricular activities,"Dear, Principle I have a complain that I will like to talk about I heard that you are changing the school policy on the sports and activities. I heard that us students we will not be able to participate in any of the sports or activity un less we have a B average in our classes. well i need to tell you that I disagree with that change and let me tell you why.

First a lot of kids like sports but some time school gets a little difficult and its a problem for some of us because we are not as smart as others which and it will be so unfair. we want to have good grads in school to but like I said before its not that es",130,8,Male,Not economically disadvantaged,Hispanic/Latino,train,3,3,3,4,3,3.5,3,3,3,3,2,2.5,3,3,3,4,3,3.5,3,3,3
D42B6354404D,Grades for extracurricular activities,"Dear Principal

I think we students should at least have a B average to play sports, that would make it fair for who tries their best in school, but i bet that those who really love sports would try their best in all their classes. Students who do not try their be st and don't like sports they could just stay with whatever grade they get because they deserve it. Students who also have a bad attitude should not get to play either. If students really want to play sports or join activities they would really try hard not to be bad. If students have a 69 or below they should not let them play sports until they have a passing grade.

If many of the students have a C average they should try harder on their work for those who love sports and who like to join activities. I bet students who have a C average are mad because they cant play sports until they get a C average. I would like to convince the principal that they should at least get a B average. All students have to do is listen in class and pass all the test that teachers give out so you could pass the class and be able to pass your class and you'll be able to play what ever sport you want.

Students and people who try their best will always get everything they want because they do everything said and everything they tell them to do. doing everything they ask you to do will make you a good person. If you try your best you will get to play sports and join in activities you like. Your decision depends on you if you make a good decision you will get what you want if you don't you don't get everything that you want.

Love,

STUDENT_NAME",306,8,Female,Economically disadvantaged,Hispanic/Latino,train,3,3,3,3,3,3,3,3,3,3,3,3,4,3,3.5,4,4,4,3,4,3.5
D752DF2541DD,Grades for extracurricular activities,"Dear Principle,

changing the policy is a good idea, because many people have c average, and if they play any sports, they might get a lower average than a c. Also they have to focus on their school work first than the sports, and like I said before playing sports might get them failing. Also, if nobody is making a change, on their grades than maybe she could change it but, meanwhile she should keep it to a b average to play any sports or to be in any activity, the students are going to try their best at making good grades to play sports. It is good in many reasons to keep a good average, because then they get their report card or their progress reports and they see that they have a low average, it is going to be because they are focusing to much in their sports or activities. The principle should first see how the students react to the changing, and if it works than, yea keep it, but she can always change it. It doesn't matter if they have a high C, but then need to have a B. Most students would argue about having to study, but i think its for their own good, also the school will change, for example, the school recognized for having a C average ad letting them play sports or do any activities, that could change if the students try hard enough and change the C to a B, then the school will recognized by having a B average on, most of the students.

The reason that its best for students to have good grades, its because also at the end of the year if they don't have a good average, they will not be able to pass the year. Back to the point it will be challenging, but I'm sure the students that love playing sports or being part of school activities, those people will actually try and make those grades, but if for some reason, those people who tried their best, like they went to tutoring, did all their home and school work, and turned it in, then you might want to check in with his/her teachers and see if they want to let them participate, but everyone can make at least a B, not an A but a B, because we all are very smart, some smart as others, but yes I'm sure, it will all work out, but if they keep on complaining, and they don't actually try to do their best, and they slack off, go to sleep in class they you won't see a difference n their grades, then that's their lost, because we want our school to be recognized, with all of out players with a B. one of the reasons why i want the students to have a good average, its because, those who want to succeed will try until they get it right, but if you are the person who doesn't care, then whose fault is that?

So i would like to have that policy. As i told you before, everyone is smart enough to pass their grades, even if, they don't think so.

It wont be so bad, either, to try your best at school, even if you just do it for sports, but i you were the type of person that was failing, then now you can say that you are passing all of your classes, don't think of what other people have to say, just do it for yourself.",581,8,Female,Economically disadvantaged,Hispanic/Latino,train,3,3,3,4,3,3.5,2,3,2.5,3,3,3,3,3,3,3,3,3,3,3,3
E060D90D6CB9,Grades for extracurricular activities,"Dear Principal

I don't agree with your decisions about the new school policy. I think that students needs exercise. I believe that students joining sports is a good thing for there health and it also makes them happy. Its not good for students to think about school work too much because it causes stress.

If you change your mind maybe more students would actually work hard in school because of there accomplishment's in school. Kids should be aloud to play any sport without doing anything.

If they think about school work and sports at the same time it might cause them to stress out. At the same time i also want them to have fun in school. There are lots of reasons why students shouldn't have to work hard just to play the sport they want. Changing school policy is a bad idea.

I think it will encourage kids to work harder in school. Not only it will encourage them they will also have a better future.

Changing the school policy back to normal would be a good thing for kids. They will also have a good exercise everyday because it encourage the to practice. I am also a sports fan my myself. I know how it feels if that happens to me.

I wouldn't like it if I have to worry about my school work and my favorite sport. I hope that you will change your mind after reading this note.

Sincerely: STUDENT_NAME",239,8,Male,Economically disadvantaged,Asian/Pacific Islander,train,3,3,3,3,3,3,4,3,3.5,3,3,3,4,3,3.5,4,3,3.5,3,3,3
E4298EE64777,Grades for extracurricular activities,"Dear: principal

I think that the policy is unfair because not all the students have a B range and they want to be in a sport team or other thing.

I why don't you change the policy to C' s. If not the team' s are not going to be complete and the school could lose all the games. Many students might change schools because they want to be in a team. sport's teach diciplean and team work witch will help in their future live when they grow up. when they get a jod were they have to do team work it won't be so hard because they already now how to communicate and show team work.

STUDENT_NAME",114,8,Male,Economically disadvantaged,Hispanic/Latino,train,3,3,3,3,3,3,4,3,3.5,3,3,3,3,2,2.5,4,2,3.5,3,3,3
E877D5AD16DA,Grades for extracurricular activities,"Today I would like to talk about students averages and participations.

students are complain because they want to participate in sports, and other activities and they think it is not right that they have to have a grade of B average to enter a sport class so dear principal i would like you to keep the rule of havening a c average to enter sport or other class available, and i would thank you if you would not change it for the students that are doing good in there class's and there work.

student comment

I think you should not change the schools policy because it would not be fair.

I think if students don't have at least one fun class they should not come to school and school would be the boring thing ever and if you have to work all day you would be tired and your brain would stop working as good so that is what i think about the schools policy.      ",163,8,Male,Economically disadvantaged,White,train,3,3,3,3,2,2.5,2,2,2,3,3,3,3,2,2.5,3,3,3,3,2,2.5
E8C3FA5907B0,Grades for extracurricular activities,"Dear Principle,

I think it is wrong for you to not let students with a C grade average to participate in sports or any fun activity! I think every student should be able to participate in sports and/or any other activity because the majority of the students here are still passing with a C. Also, it would be fair to any other student here to participate. Many students like to play sports such as Basketball, Baseball, Soccer, Volleyball, and much more! Also if they are not really interested into Sports they would love to go in Clubs such as a Recycle club, Art, Reading, Computers, and more! Many students would actually improve they're grades to keep on participating in sports or clubs. I really think you should let us students join.

We would appreciate the changing. Please and Thank you.

Sincerely, Student",140,8,Female,Economically disadvantaged,Hispanic/Latino,train,3,3,3,3,3,3,4,3,3.5,3,3,3,3,3,3,3,4,3.5,4,3,3.5
EF9677DEFA79,Grades for extracurricular activities,"I think the teacher should let any students play in any sports or activities in school because the might be better at sports or activities than any other kids. They should at least have a c grade to play in the sports. They should at least have a c grade because they are not to low nor to high. I think just because a student doesn't have a b grade and higher doesn't mean that they cant play in a spot or activities. Maybe they are not that smart but they are trying there best but they might not be able to succeed. Sometimes kids cant improve because they might have problems at home the teachers might not notice.

Maybe even smart kids grades go low and the teachers might not notice.

Maybe they have problems at home.

I think before they not allowing them play activities or ports the teachers talk to them why they have low grades. Maybe the teachers could help them with a problem and help them improve their grades. If the teachers connect and get the confident with the kids they might now what is going on with there grades instead of the teachers saying ""you can not participate in an activity of sport.""

The teachers could talk with kids and see if they could do anything to help them with their grades and help them improve.",230,8,Female,Economically disadvantaged,Hispanic/Latino,train,3,4,3.5,3,3,3,4,4,4,3,4,3.5,3,4,3.5,3,3,3,3,4,3.5
F69C85F4C3CA,Grades for extracurricular activities,"the memorable teacher ever had

was a teacher in 10

word

wild all students",13,8,Female,Not economically disadvantaged,Hispanic/Latino,train,1,1,1,1,1,1,1,1,1,2,1,1.5,1,1,1,1,1,1,2,1,1.5
05A0DA9580E5,Grades for extracurricular activities,"Dear Editor,

I think the possible policy change of students not participating in sports or other activities unless they have a B average is not fair.I don't think its fair because students try really hard sometimes on keeping their grades up and not down.sometimes the students don't deserve the grade they get because the teachers make mistakes sometimes and give you a bad grade when you really don't deserve that grade.Like for example if you did your homework and you give it to the teacher the next day then the teacher puts it away when she collects everybodys homework.Then after she tells you to give her your homework but you already did,so you tell her that you already gave it to her but she doesn't believe you so she just gives you a 0 for your work.And i don't think that's fair because a lot of students work very hard on their homework,sometimes they even stay up late doing their homework just bacause they don't want a bad grade on it.Also I don't think its fair because you cant just keep everybody from playing sports or doing activities because that's one way everybody can have fun and entertain themselves.Sports and doing activities are a good way to keep you from getting bored.Their also a part of school so they involve gym and doing exercise.Last I would like to say that I relly don't think that's a way to solve everything.I think you should come up with a better plan than this .A lot of the students might get very mad or dissapointed to hear the new policy that you guys are coming up with.So please think about what you guys are planing to do,think very carefully.I hope I was able to change your mind.Thats all I have to say for now goodbye and it was very nice having this conversation with you.

Sincerely:STUDENT_NAME",284,8,Female,Not economically disadvantaged,Hispanic/Latino,test,4,3,3.5,4,3,3.5,3,3,3,4,3,3.5,4,3,3.5,4,3,3.5,3,3,3
106D24D5BEA7,Grades for extracurricular activities,"i thing the principal should not change the rules is not fare to the student to play a sport we need to be in good sap if she change the rule student we not coming to and for the other parent will thing was wrong with there kids but if they want to going a sport they most have the average at unless B in the story say that all student have c average they have to be good on class they need to try hard in work we thing is not a good rule for the student they need to try hard on class to going a sport.

i thing student have the rite to going a sport school and have the greased for the parents should talk to the principal about the changing whit specific reasonall student have the rithe",142,8,Male,Economically disadvantaged,Hispanic/Latino,test,2,2,2,2,2,2,1,2,1.5,2,3,2.5,2,2,2,3,2,2.5,2,2,2
12AAF9C7C266,Grades for extracurricular activities,"Dear Principle ,

I think it not fair that people that have B' s or an A' s could join a sport or another activity . i Find it unfair. I have many reasons to tell You why its not fair. i would at least tell you three things why it not fair that people that have A or B average get to join a sport or another activity.

First of all , Its not fair because you never know if your students have been working hard to pass there classes. Maybe they are working there butt off to pass but maybe they might find there classes harder Because what they say the older you the harder it gets in school.

Second of all , I think you should let people that actually want to learn join activity's or join a sport, and the people that don't want to learn they could get everything taken away like there break or lunch and give them back there freedom when they actually do better . Just don't take away the people that are trying to do better there fun.

Third of all ,I find it un fair that mostly people that have B' s and A' s get to join a sport because that makes the other people feel bad . Everyone can join a sport or an activity because school is like family and we get to do what other people do to.

So That's why i find it unfair because that people with A' s and B 's get to join activity's",251,8,Female,Not economically disadvantaged,Hispanic/Latino,test,3,3,3,4,3,3.5,3,3,3,3,2,2.5,3,3,3,3,3,3,3,3,3
1E9789CE290E,Grades for extracurricular activities,"i think it's a good idea because if a student has a low grade in one of his/her' s subjects, it would lower his/her' s grade even more. so basically, it's a distraction to student with low grades that wants to participate in sports or other activities. i do not participate in school activities because i am not perfect on my grades to be honest. it will distract me and it may be the only thing i will think about other than my grades and focusing on my education which can really hurt my chances to be in a very good college. i am not the ""sporty"" type of person but i have friends that could not make it in their sports activities because of their grades. i would be disappointed for them but yet they have time to bring their grades up to make it up. i also have friends that have an A+ on their grades and are enjoying their sports activities such as basketball, soccer, volleyball, and also softball. i would be glad if you changed the school policy.",178,8,Female,Economically disadvantaged,Asian/Pacific Islander,test,3,3,3,3,3,3,4,3,3.5,3,3,3,3,3,3,3,3,3,4,3,3.5
1F8012FFBEBE,Grades for extracurricular activities,"Dear Principle,

I think that the principle is being unfair because students are actually trying there best on having good grades. I think he should give them one more chance because there trying there best . If you don't do nothing about them we would were going to sign a petition and were going to get the whole students get it sigh even the teachers. If you still don't let them play a sport then were going to get our super attended on this and i know he would do something about it because he's nice. He's going to see that were trying our best on our grades.

So either you want to do it the nice way or you want to do it the bad way? Its your choice were just letting you know before we go and do it the bad way. Its not fair that you taking our sports away from us that's the only good thing we have in school and friends so please I'm asking nicely don't take our sports away from us.

We promise were going to try our best on getting a better grade then before. We promise were going to stay to tutoring at least twice a week if we have to we don't really care because we don't want to loose our sport.

We fight for what we want please give us another chance?

Love STUDENT_NAME :)",224,8,Female,Economically disadvantaged,Hispanic/Latino,test,3,3,3,3,2,2.5,3,3,3,3,3,3,3,3,3,3,2,2.5,3,3,3
2493DB02D804,Grades for extracurricular activities,"January,25, 2010

Dear, TEACHER_NAME

This is a letter about what i think you should do about the grades people get in the sports. I think that you should let the people that get C should play if they have a good behavior and there attendance. I think that it is fair that if they have good behavior good attendance. But if they keep getting C then they should not play. I think that everyone deserve to have the same treatment. I also think that they should go to tutoring and for the coach to look at the grades they have and to make sure that they are passing the class.

I do think this is fair to everyone and it also a good opportunity for the people to get better grades.

Sincerely, STUDENT_NAME",129,8,Female,Economically disadvantaged,Hispanic/Latino,test,4,3,3.5,4,3,3.5,3,3,3,4,4,4,3,3,3,4,3,3.5,3,4,3.5
27778596AFD5,Grades for extracurricular activities,"Dear principal,

Hi~~~ my school principal I write this litter to you because I want to talk about the school policy that you want to change, I think this idea is wrong, because this rule make many people angry. they are people who like to play the sport , but the grade average not in B, they like the sport very much, they spend many time on sport they like, sport help them to community to other people. some are the people like to play the sport and average are on the B, they play the sport with their friend all the time, but the rule is change, some of they friend can't play the sport now, they fill is not fare to them. I'm the people who play sport too. maybe I know the their filling about it , they might fill sad and helpless, so please don't change to this policy, thank your.",150,8,Male,Economically disadvantaged,Asian/Pacific Islander,test,2,2,2,3,2,2.5,2,2,2,3,2,2.5,2,2,2,2,2,2,2,3,2.5
28BAB42779B2,Grades for extracurricular activities,"Dear principal

In my opinion, it is unfair for those students who doesn't have a B average not to participate in sports. Perhaps, many students has an average of C and some people who has a C is a good athlete. A C average is a passing grade and students has a right to choose whether they want to join sports or not. I have a classmate whose very good athlete, she plays soccer good and she made the team in soccer but she has a C average and i have an A average it proves that not only an A or a B average students can join sports and many students deserve to represent our school in sports even though they have a C average. Please consider this in your decision.

sincerely,

student from SCHOOL_NAME",134,8,Female,Not economically disadvantaged,Asian/Pacific Islander,test,4,3,3.5,4,3,3.5,3,3,3,4,4,4,3,3,3,3,3,3,4,4,4
2CC4B554C694,Grades for extracurricular activities,"Dear principle,

I can't had a B average because i have soccer practice when i got home it about 9 o'clock and i have to eat something first and i have about 3 or 4 homework to do. the hardest one is Math. when am doing those homework i even fell am sleepy , when i looked my watch it's already past 10:00 so i have to sleep to wake up tomorrow at 6:30 and take the bus at 7:00. The best thing is the soccer practice is really hard the coach made u run about 5 or 6 laps on the soccer field, and u getting tired and u have to play soccer at the last time. many people arguing and the quite there sport they love an i wrote this letter is u to understand me not only the other student that's having the same problem as me.

a student of yours

STUDENT_NAME

p. s.

I hope you understand how a lot of student felt in the school about this school policy.      ",160,8,Male,Economically disadvantaged,Black/African American,test,3,3,3,3,2,2.5,2,3,2.5,3,3,3,3,2,2.5,3,2,2.5,3,2,2.5
2FD3B620DE15,Grades for extracurricular activities,"Dear, Principal

I oppose that students should have a B average to play sports. Because some student don't have that grade so they cant play. However, other students have a C because maybe they are having a hard time in their classes. Also the B student don't but they don't try that much in sports and the C students do and they like to stay active and have fun.

They can also take the team the are playing in to win a trophy. Another reason is that C student maybe try hard to get at least an A but they have trouble doing that because they don't get the lesson that their teacher explained or they don't get the homework. You should at least put the C students that try hard and always do their homework and if they don't get it.

They can still try to do what they have trouble in and ask questions to his/her teacher the next day. Another reason students with a C average grade should be able to play sports is because maybe they have problems at home and they are nervous that something might happen and they don't do their homework that's why they also don't get high scores in their tests. Because they are depressed and they are not in a good mood.

I have to say some students don't even try at school because they think they don't need a good education they and just get a job. Well, other students do try but like i said earlier they have are having hard time in school. Like they are being bullied by someone and if they say something to a teacher something bad will happen to them.",274,8,Male,Economically disadvantaged,Hispanic/Latino,test,4,4,4,3,3,3,3,3,3,4,3,3.5,4,3,3.5,4,3,3.5,4,3,3.5
3C442451101C,Grades for extracurricular activities,"Dear principal

I don't really agree with your decision because three are many people that try there best and the still get a c as there average. It wouldn't be fear for them thee are a lot of people that are not interesting in sports and they get A,B most of the time. i think if you were in there feet you would feel very bad. that's why if you change the police there would be people upset and the would be an argument going on.

But then it would be great to change the police because people that have C,D,E,F, well get A,B for order them to secrecies there grades to play and get good grads people well change and make the school better. well that's what i think in between both of them. this is the way i think because people these days are dropping out of school for the bad grade and i think i would be a grate police to change. So the students well have a challenge to look up to. people should always have apartments to try different things.      ",178,8,Female,Economically disadvantaged,Hispanic/Latino,test,3,2,2.5,3,3,3,3,2,2.5,3,2,2.5,3,2,2.5,3,3,3,2,2,2
3CA8DFA49511,Grades for extracurricular activities,"My principal is considering changing the school policy that students' may not participate in sports Or other activity unless they have at least a grade B average. when i think about the policy that The principal considering i think it a great ideal. because it will help them to be more Responsible my friend RELATIVE_NAME play in the basketball team but when she hear that the principal Change the policy she stated to be scared because she love to play sport her grade was a c Average and she did not know what to do she need someone to studier with her so she can get Her grade up initially one of her best friend help her to studies and she went two her coach and Ask him to let her play the coach said in a big voice no u not so deferent from the other student If u need to Play u have two work for it .she said life is not fair the coach reply in his big voices Who said life was fair if u want something u have two work for it.

To ilistrade the basketball game was coming in two week she did not know What to do she really want two play cause it was the last game they were going two play. so She have two work harder than ever before and she cut the computer cable so she don't have Two go online she just want to stay fuscous on her study. she star a club house for all her Classmate who have a C grade average and they all put together and study and tomorrow is the Test day she was so scared that if she fall that test she can't ever play sport ever again until The end of the year. in she want to school and she take the test when her teacher called her With a sad voice RELATIVE_NAME can u please come here i have news for u and she star crying she Thought She fall the test in the teacher tell her that u pass the test u have a Baverage u can go Back to Play again. she was so happy that she pass the test she want to her coach and thank Him for helping her relays the right thing to do if she did not listen to what the coach tell her She could have just give up but she did not all because of her coach.

Because of the policy that the principal have change and my school used To be a C school now it a Bcause it help a lot of student's now they all respects the policy and Work hard for what they want RELATIVE_NAME was the only girl in a boy basketball team because she was A good player she play better then same boy now because of her friends and the coach help she Be able to play and move her grade from a C to a B and she is now the capita of the boy- Basketball team by this i mean if u want something badly u have to work for it. life is not that Easy so if u excuse me i need to go study for my history test.",543,8,Female,Economically disadvantaged,Black/African American,test,3,3,3,3,2,2.5,3,3,3,3,2,2.5,3,3,3,2,3,2.5,3,3,3
3F443A810D91,Grades for extracurricular activities,"To Principal:

I think is not a good idea because, students wants to be in sports and activities , and all most of the students don't have a grade B .

I think it would be better if they have a grade C , because , in that way the students can be in sports, activities and they can study too.

I also think people can have sports so they can work out, and having a C its good , because I think C is a good grade. Some moms wants a higher grade, but sometimes the sports distract us from studying. But i think if we really care about the sports we will be better on studying because its important to us. And if we are good at studying we can enjoy sports.

The grade B , its to high and also a C its good for enjoy sports. And in some classes we are going to have a better grade then C, but in other classes that maybe we are not good at, we don't get it or understand , or just because we don't like it , we are going to have a D but if we really care about sports , i think we can do better then a D , we can try our best and get a least a C .

And that's why I'm against of requiring at least a grade B average to participate in sports or other activities.",231,8,Female,Economically disadvantaged,Hispanic/Latino,test,3,3,3,3,3,3,3,3,3,3,3,3,3,3,3,4,2,3,4,3,3.5
4EEBCFFE59EC,Grades for extracurricular activities,"I disagree because a lot of kids want to play sports, but just they don't have a b average. Like for example i want to play football but i cant because i have low grades, I'm excellent at football i should be able to play so the team could win the SUPER BOWL !!! ha-ha just kidding i don't think there's a super bowl in like middle school football ? anyways yah i think kids that want should play, but on the terms they keep above a c- average.

if they don't they get a minimum of 2 weeks and a half to bring it back up to a c- or higher .

If u don't fallow this little here paragraph kids would be sad and u wont want that would you then parents calling in saying what have u done to my child ha-ha just kidding TEACHER_NAME just want to play some football.",141,8,Male,Economically disadvantaged,Hispanic/Latino,test,3,3,3,3,3,3,3,3,3,3,3,3,3,3,3,4,4,4,3,3,3
5CE4EC5A3AF9,Grades for extracurricular activities,"Dear principal,

I think that you shouldn't change the school policy so that student's can't participate in sports or other activities unless they have at least a grade B average, because almost all student's won't be able to participate in the sports, and that will cause no players on the sports team. I also i think not to do that because the student's might protest again this rule, and bring their parent's to the school to argue about it. Also i think that B is an excellent grade, but grade C is a good grade too. I think that you should make a conference with all the teacher's and parent's so you can decide the right decision.

From a student from your school.",114,8,Male,Economically disadvantaged,White,test,3,3,3,4,2,3,2,3,2.5,3,3,3,3,3,3,3,4,3.5,3,3,3
5D3A82DB2443,Grades for extracurricular activities,"Dear principal,

Although many of the students have an average grade of a c you shouldn't consider changing school policy. About the whole thing that is requiring you to have at least a b average to be allowed to participate in sports or other activities.

You should not allow this idea to happen. one because many of this students don't have any other time to get fit in sports or be part of an activity. two because this students may be trying their best at school and we might not get them. in my opinion ,this policy should not be a part of our school. We should give students the opportunity to get fit in sports their bin to.

Although you may thing I'm not the same as those students I know i' am and I also know that when this students are into a sport they don't quit they play and play until they have reached their goals. That's a great way for us the students to learn that life is not about quitting but about tiring to reach your goals.

As you see this letter was to persuade you to not make that idea going trough your head right now, but to give students an opportunity to try and reach their goals as students of this sports/ activities. Thank you for unde      ",219,8,Female,Economically disadvantaged,Hispanic/Latino,test,3,4,3.5,3,4,3.5,3,4,3.5,4,4,4,4,5,4.5,3,3,3,4,3,3.5
606C4015BD6B,Grades for extracurricular activities,"dear principal

I disagree with you because there might a few students that try hard to get a better than a C. you should at least make it a D average. if they have a C- warned and they get a good grade in no time. there a lot of people in the school that very at sports. I say we give a chance to improve themselves and not waste their talent. i get it you are not stasfied by the idea but give a chance. i promise you it will work. everyone will be happy. it will be like hit one stone with two birds. I get it that you the students to get a good grade but just try my idea. that way we can all be stasfied by the new change. although after school activities are a previllage and not a rights we still need it. that is why i strongly believe that you should use my idea.",161,8,Female,Economically disadvantaged,Black/African American,test,3,4,3.5,2,4,3,3,3,3,3,4,3.5,3,3,3,4,3,3.5,3,3,3
6D1B01E628D0,Grades for extracurricular activities,I think is not an good idea that she changed the policy because then the student doesn't got to be thinking in being in the sport with that grade as low and being in sports or any kids of after school activities. But i think that for an ''C '' she wrong by changing the policies of the student activities if they had a ''F or an D '' its okay but i think she was wrong by changing the students after school activities policies.,82,8,Male,Economically disadvantaged,Hispanic/Latino,test,2,3,2.5,2,2,2,2,2,2,3,3,3,2,3,2.5,2,3,2.5,4,3,3.5
7BD5A8B2963A,Grades for extracurricular activities,the principal is being to hard on the students .and the student need to be playing sports because they need to stay slim not fat .butt anyways c is all right for sports like in real sports all the players ant all smart they all had c f d so no need to changing nothing like for real principal chill be for one of your student hurt u because some student don't care there fight you on some real stuff butt anyways just don't chang nothing ok then there well be no problems u feel me like ? huh ok. yea ,98,8,Male,Economically disadvantaged,Hispanic/Latino,test,2,2,2,2,3,2.5,3,2,2.5,2,2,2,2,2,2,2,2,2,2,2,2
878C3B7DB54A,Grades for extracurricular activities,"I think that's not fare because some kids do their best to get a C or a B grade Like me. I have all my grades up just one C on my grades. What if the principal has a kid and the principal of the school were her/his son goes does the same thing of changing the school policy and her son wants to play a sport what and has a 71 what would he do, Wouldn't he say the same thing. C is a good grade no mater what. ",86,8,Male,Economically disadvantaged,Hispanic/Latino,test,2,3,2.5,3,3,3,2,3,2.5,3,3,3,2,4,3,3,3,3,3,3,3
88FA9C1FF56D,Grades for extracurricular activities,"Dear Principal,

I think that it is unfair that kids cant have sports or activities the one reason i say this is because sports and activities is not stopping kids to learn. I think if you take away sports it will hurt children because if the kid would like to be a football, basketball, soccer

player he/she couldn't achieve that goal because the school is taking away sports and activities. I think that you should have these sports but kids with a d-f should not be able to participate in the sport or activity, so if a child is really interested he/she will step up and do what he/she can do to improve his/her grade. When your a student you just want to express yourself and have time off to join sports and games. Kids enjoy this and if you take this opportunity away from them they will be very upset. Sports and activities can also help you get into the college you would like to go to because when a child is joining a sport lots of college professors want to see that. Another thing i would like to point out is that lots of kids would like to have a prep rally and see there friends and family play that sport. Sense i am a student here i would dislike not having to play sports or do activities. When kids play a sport it takes there stress away and hypes them up so taking a sport opens there minds. Children this age just want fun and games so i do think this might be to much credit for them but it still wont be fair for the students not being able to become what they want to be when there older, Also being a student your in school for about eight hours and after school people would enjoy doing what they love and go to there sports and or activities. I would like to say thank you for your time and effort i hope you understand.",332,8,Female,Economically disadvantaged,White,test,4,4,4,4,4,4,3,3,3,4,3,3.5,4,3,3.5,3,4,3.5,4,3,3.5
942D557570C9,Grades for extracurricular activities,"i think its a great idea to change the schools policy. students should be getting 3.0 and higher to play sports and activity's. all schools should change there policy to have a 3.0 grade average.

i know all students like to play sports and activity's at school, but if you have bad grades you should not be accept to play sports or do activity's. if you want to be in sports do good in school and once you go to high school and you have good grades and your really good at a sport people will find you and give you scholarship to go to collage.

Also when you go to collage having good grades and good at a sport you'll get drafted to go pro. Every student that plays a sport want to become pro.

I know allots of students that are really good at sports , but cant play because they got a 2.0 graded average or lower. its not that hard to keep a B average in school all you need to do is do all your work and homework and pay attention in class. I bet you if you guys do this you will stay at a B average or even higher.

well if students keep a average of a C+ they should still be able to play sport and activitys.",217,8,Male,Economically disadvantaged,Hispanic/Latino,test,3,3,3,3,3,3,3,3,3,3,3,3,3,3,3,3,3,3,3,3,3
94DC89CA8F6B,Grades for extracurricular activities,"Dear, Principle

My reason why I am writing this letter is because many people want to participate in sports but they have a C's and want participate in the sports but they can't because of their grade. Many students are complaining about not letting them play in a sport. They want to improve their grade and try their best to get at least get a B's. If they had at least the B's they would get in the sport they want to get in. Some students try their best but cant reach their goals of getting a better grade. They say that it is to hard. I think that they should leave the students focus on their grade and leave them play for one week and the other week study to try there best and reach their goals. If u let them join in the sport that they really want probably they could hire there grade. They might also give you more reasons why they would want to play in a sport.

Another reason why you should let students play in sports is because it is healthy for your body and also good because u can focus to being a better student instead of being in other places not learn

Sincerely,

STUDENT_NAME",207,8,Female,Economically disadvantaged,Hispanic/Latino,test,4,3,3.5,4,3,3.5,4,3,3.5,3,2,2.5,3,2,2.5,3,3,3,4,3,3.5
9A4200CCD3BC,Grades for extracurricular activities,"Dear: Principle

I don't think that new school policy is fair because student's with grade ""B"" average only get sport and school activities classes. Everyone should get classes like P.E, Art, Computer Classes And more. The students work hard on there classes trying to get a ""B"" in the classes to get P.E and Stuff.

Would you like if they pay you less, or get your job taken away. That's how we are gonna feel.

Sincerely

Your Student.      ",73,8,Male,Economically disadvantaged,Hispanic/Latino,test,3,2,2.5,3,2,2.5,3,2,2.5,2,2,2,3,3,3,3,3,3,3,2,2.5
9F44BE9A9EDF,Grades for extracurricular activities,"Dear, TEACHER_NAME

I think that you shouldn't change the schools policy about having at least a B average because some people are not good at taking test or they forgot to do their homework. It should be at least a C average because most people would have a C average on their report card. because some where out their in ocean of students their is some one who is really good at sports but has only a C average.

If you want to have more people in the sports then you are going to have to keep the grade the same and not change it. If you want more people to be healthy then you are going to have to lower your standards. There will be people that are going to want to make the grades just to do some thing they like or to get in fit for the beach. I know I would because no one wants to be wherein a bikini or swim trunk when they are chubby. You are going to have to not change the grade standards and keep it the same but making the grades when you just be having fun or working out just doing of those things are good because then everyone will be healthy. And the future of America wont have a lot of obese people.

sincerely

STUDENT_NAME",224,8,Female,Economically disadvantaged,Hispanic/Latino,test,3,3,3,3,3,3,3,4,3.5,3,4,3.5,3,3,3,3,3,3,2,4,3.5
9F979C691167,Grades for extracurricular activities,"Dear principal

The students and I have been thinking to ask you if you can change the schools policy to a grade C .The reason is that the students will be able to participate in sports or school activities.

Students want to be able be in the schools teams and the students want to have fun in school .

If we need to get B average and many of the students are C average

it would not be fair to the C average students. So can the policy change .

by students",90,8,Male,Not economically disadvantaged,Hispanic/Latino,test,3,3,3,3,4,3.5,3,3,3,3,4,3.5,3,3,3,4,3,3.5,3,4,3.5
A168F8F9EA45,Grades for extracurricular activities,"DEAR, ""PRINCIPAL""

maybe is they have a b

or a c

average they could on participate on any sports.

now they could on of participate any sports after school . also at lunch they could of particapate any kind of sports like soccer, football, tennis, baseball, and etc.

the schould have to participate. and they would have more energy to study more in class and they wouldn't fall asslepp during class time.thas why they should have reassons to change your policy at school.also you want them to try even harder to get good grades. that's all i got to say about chaging school policy

sincirly, STUDENT_NAME",100,8,Female,Economically disadvantaged,Hispanic/Latino,test,3,3,3,3,2,2.5,3,2,2.5,3,2,2.5,3,3,3,3,3,3,2,2,2
ADADD3AF30B1,Grades for extracurricular activities,"Dear; Principal

I am aware of the changes you would like to make but on my point of view i think it will be unfair because some kids try there best to get a B or A but it's pretty difficult. Sometimes the students try and try but they steal get a C and its just because there test scores, not on how they do there work or on there behavior. 

I think that you should let the kids with a C average work there self's up till they get a B or A i steal think the kids with a C are not so bad so let them participate. 
What i think would be fair is if you wouldn't let the kids with a D or F average participate on sports or other activities. I think kids with a average of D or F show that they have a poor average & they don't want to participate. 

This is what i think the possible policy should be like & what i think of your possible policy. 

From; Student<3 ",172,8,Female,Economically disadvantaged,Hispanic/Latino,test,3,3,3,3,3,3,4,4,4,4,3,3.5,3,3,3,3,3,3,3,2,2.5
B3C3E3A6CC48,Grades for extracurricular activities,"Dear principal

you have been considering to change school policy so that students may not participate in sports or other activities unless they have at least a grade B average. But many students have a grade C average. So what your saying is if someone has C average they may not participate in anything at all. i understand what your saying but is not gone be fair to other people because some people try to get a grade A average but some how they don't get that. but I know they try and they don't get that well they get those grade in some class but they don't get that grade in classes.",110,8,Female,Economically disadvantaged,Asian/Pacific Islander,test,3,2,2.5,3,2,2.5,3,2,2.5,3,2,2.5,2,2,2,3,3,3,3,2,2.5
B5DF4C1B3866,Grades for extracurricular activities,"I think that we should be able to play any sports we want even if are grades are at least a c average . Some students will most likely be getting a c or b . Most students like to be in a team because they like to play other schools .

One reason, students should be able to play any sports is because they like to have fun and its about that just to have fun with other schools and there friends . When you are playing a game of football you just like to see touch downs . The students just want to have fun every parent just wants to see there child win and so does the other parents . People for you want to see your son or daughter win a game like football or volley ball its not about a rival or a challenge for theme they are just having fun .

Secondly , your child wants to play in a sport in school but his or her grade point average is to low you would want theme to still want to play rite . Also what if they where already on the team then they're grade point average went down and you didn't now you would still want theme to play .

Third of all , they didnt tell you ther grade",215,8,Male,Economically disadvantaged,Hispanic/Latino,test,3,3,3,3,3,3,2,3,2.5,3,3,3,3,2,2.5,3,3,3,3,2,2.5
B8F95A683EEA,Grades for extracurricular activities,"Dear principal

What you are doing with the kids that have an A or a B is fair for them to do sports. I think that you should let the other students that have a C the opportunity to do sports because they might try to do better when they are in the sport. They are going to think that if they are not in the tem they are going to get kicked out and they are going to feel like they don't have any friends. This is what i think you should do and plus if you have more people on the sports they the school is going to make more money and are going to be able to buy more things, and more food for the students. If the students that have a C are not improving on their grades, they are going to get a punishment on the team and that will help them . I think that this is a better idea for the school and for the students that have C. Many students are going to like this new idea and they might all improve in more things.",191,8,Male,Economically disadvantaged,Hispanic/Latino,test,4,3,3.5,3,3,3,4,3,3.5,3,4,3.5,3,3,3,4,3,3.5,4,4,4
C87CC2A986AA,Grades for extracurricular activities,the principal is wrong for trying to change the policy for sports and activities because some students can't get an average of a 'B'. students only need a 2.0 average to stay in a sport or an activity that's the average of a' C'. Some students even try to get 2.0 average to join a sport or a activity but that's why the principal is making a mistake to change the policy to 'B'.,69,8,Male,Economically disadvantaged,Hispanic/Latino,test,3,2,2.5,3,2,2.5,3,2,2.5,3,2,2.5,3,3,3,3,3,3,3,3,3
C906B982A3F6,Grades for extracurricular activities,"Dear, Principal

I really don't like that i idea because some people have C' s and they are really good at sports. But i also think that's a good idea because that would make students study more for they can have better grades.

But i don't really know if its a good idea or if it is!!!

Ok i think that its a good idea because it might get students to make a good grade, For a better life. And if they study and they are good at sports that is going to help the in life because they might get a scholarship for doing that.

But I think that right now they have a rule that says that "" if you don't have a C or higher that u cant get in any of the sports ""

If you want to do that, guess that would be a good thing for me!.. I think that my friends will be ok with it too. I think that with a C we are ok. mostly of the wrestler's have at least a C. And if we change that rule, we will lose many of our good sport people. And we will lose every single game, that wouldn't be a good thing for our school. but i really think that u shouldn't .

I just guess that , well that's my opinion i don't really know what you are going to chose but please don't change it. its going to be issue with some people because they really want to be in sports and they wont be able to!

i sometimes get good grades but if i don't .If i mess up for one report cared i wont be able to get in the sport i want to get in.

I don't really think that I would get lower that a C . its because other people don't get higher that a C. and B is going to be WAY harder to them.

we have fun day! and if we don't get a C or higher we don't go to that! Or if we have a referral, if we get sent to the principals office, or something like that we wont be able to go. Some people didn't go because of the grades. They got lower that a C and they couldn't go to the FUN-DAY!

With care ,

STUDENT_NAME",373,8,Female,Economically disadvantaged,Hispanic/Latino,test,3,3,3,3,2,2.5,3,3,3,3,3,3,3,3,3,3,3,3,3,3,3
DE040B430E38,Grades for extracurricular activities,"Dear Principal, i am writing you this letter because i go against the school policy change iam against it because it wouldn't be fair to others some of their grades could change once in a while and i think people should at least get a chance in doing what they want to do in life just because a grade it wouldn't be fair, if us students with C' s , D' s and below that make a special deal with you then will you let us participate? Otherwise then that it still isn't fair to us we're working hard on getting our work in to participate in something we can do some other place instead of school therefore principal im against this school policy. Sincerely STUDENT_NAME,",120,8,Female,Economically disadvantaged,Black/African American,test,3,3,3,3,4,3.5,2,2,2,3,3,3,4,3,3.5,3,4,3.5,3,3,3
E31EF8887AA4,Grades for extracurricular activities,"This policy will not be fair ,because other students will like to play sports and their grade are C,D and F. The principal would be fair because, it like saying that he only want smart people to play the school sports. The students will also participate in other school activity. they will also like to go to school field trip ,but they will not be able to because their grade is a C or lower. Mostly many student in the school have a C almost half of the student we be able to participate in school activity or sports. Most likely student like to participate in activity a C its a good grade but a B is better. Some student would to be in the school soccer team, football team, basketball team, baseball team or other school activity. For me this policy wont be fair so my choice is not to be assigned in the school.",155,8,Male,Economically disadvantaged,Hispanic/Latino,test,3,2,2.5,3,2,2.5,3,2,2.5,3,2,2.5,3,2,2.5,3,2,2.5,4,2,3
E4C696F6D35D,Grades for extracurricular activities,"Dear: principle

We the students want for you too not change school policy because so some students are complaining that is not fear fore s too have a B or a C . Like many peoples have low grades. But you can make a difference by telling them that doing there work they can participate on all the activities and they can have at less a D

But if is lower then a D then they cant participate on the activities. But if you put more electives they would have too do there work and that's how they would do there work and you would be a good principle and the students will be learning a lot, but if you don't make that happed then all the students will get mad because if we don't get too participate in the activity, they would not do there work no more and they are going too get in treble.

Sincerely:STUDENT_NAME",153,8,Male,Economically disadvantaged,Hispanic/Latino,test,3,3,3,3,2,2.5,4,3,3.5,3,3,3,3,2,2.5,3,2,2.5,3,3,3
EA493ECF9F3B,Grades for extracurricular activities,I think that the policy is unfair because many students want to participate in the sports .It is really not good to do that because we have to be fair in ever thing .So what i think that students could participate in the sports by a C average it would be fair for that not and for people that have F and D they could not because they are not trying. The students that have C they try to get a C or B or A and it will be fair with that because many people try and other don't try at all. So it would be a fair . I really don't wont this policy for that reason . Were very good and we try our best to get a C and there are a lot of people that don't even try to .So we really want to be in sports and it would be a very strong reason which is that we don't want this policy at all . there are more students with C and not a lot of people with a B or A but no we try our best to do good bout you have to not put that policy . Will we don't accept this change because no one would participate if they don't change it back so that is what i think about thus policy. We don't need this we wont something we just want to keep it the way we had it . I think that is not the way to see it when you are about to make something new . People wont like it because it is un fair . That is what i really think about this unfair rule . Th at people would not accept this rule no matter what. There are many ways you could,293,8,Female,Economically disadvantaged,Hispanic/Latino,test,3,3,3,3,3,3,2,2,2,3,3,3,3,3,3,2,3,2.5,3,2,2.5
EA5067362719,Grades for extracurricular activities,"Dear principal,

I think that students need to participate in sports activities because if the students don't participate they would become lazy, and fat. There would only a little bit of kids at the activities because most of the students have C average. School activities are fun but try to get a B average is pretty hard because the students might have trouble with a subject and that's what keeps them from doing school activities. The students might be scary of asking a teacher for help because there scary that the teacher might yell at them or the teacher is mad and don't want to ask him/her. They might be getting a C average because the teachers gives them to much homework or project.

Homework are due the next day but project are due like a week. The students are getting a C average because they might have lots of homework from each teacher. I have four teachers because one for each subject. I have found that having four teachers are hard. The students might have trouble because its the people they sit in class. There friends are one of them bully or there sitting in back and cant see the front.

by your student,      ",201,8,Male,Economically disadvantaged,Asian/Pacific Islander,test,3,3,3,3,3,3,3,3,3,3,3,3,3,2,2.5,3,2,2.5,4,3,3.5
EFEFA4F6596E,Grades for extracurricular activities,"Dear Principle,

If I were you I would let any student play because it is not fare for them. As long as they have the school spirit to play then it is good. If a student is not doing good at their classes then they can't play sports until they have raised their grade up.

Having sports is a good thing because it helps students how to learn and play. It doesn't matter if your good or not as long as you have the ability to play and learn. My reasons for sports to the principle is that it is not fare for other students because usually some students grade don't go to a B only to a C. It is important to know that you have to make things fare for other students. Students love to play sports because it is important to let your body be healthy. Doing sports is something that school usually have to have fun.

Sport is some kind of fun that students gather together to get to know each other. If the principle changed it then why wouldn't we have sports? If the principle changed it then we wouldn't get to know each other and learn how to play. Gathering students together helps make the school have more school spirit. For me I don't think the principle shouldn't change it because it is better as it is.",226,8,Female,Economically disadvantaged,Asian/Pacific Islander,test,4,4,4,4,3,3.5,4,4,4,3,3,3,4,4,4,4,3,3.5,4,4,4
