Rubric name,ASAP set 7 (patience narrative) Adjusted
Context,"ABOUT THE WRITERS: US students in grade 7 (age 12 to 13), each writing a short story about patience in class. Score as a trained grade 7 rater would: judge every criterion against what is expected of a grade 7 writer, not against polished adult writing. Take into account how much the student wrote: a longer, developed story with some errors usually deserves more credit than a very short one with none.

NOTES ON THE TEXT: names, places, dates, numbers and some capitalised words were replaced with tokens such as @PERSON1, @LOCATION1, @DATE1, @NUM1 and @CAPS1 when the essays were anonymised. Read each token as a correctly written word and do not count it as an error or as unclear writing. Runs of ""???"" mark characters that were lost from the data; do not count them as the writer's errors."

Criterion,Type,Weight,Question for the model,0 (0),1 (1),2 (2),3 (3)
Ideas (points doubled),score,2,"How well does this grade 7 writer's story stay focused on patience and develop it with specific, relevant details?",ideas are not focused on the task and/or are undeveloped.,Tells a story with ideas that are minimally focused on the topic and developed with limited and/or general details.,Tells a story with ideas that are somewhat focused on the topic and are developed with a mix of specific and/or general details.,"Tells a story with ideas that are clearly focused on the topic and are thoroughly developed with specific, relevant details."
Organization,score,1,"How clearly is this grade 7 writer's story organised, with events and ideas connected in a logical sequence?",No organization evident.,Organization and connections between ideas and/or events are weak.,Organization and connections between ideas and/or events are logically sequenced.,Organization and connections between ideas and/or events are clear and logically sequenced.
Style,score,1,"How well does this grade 7 writer use language (word choice and sentence variety) to tell the story, judged against grade 7 expectations and the amount written?",Ineffective use of language for the writer's purpose and audience.,"Limited use of language, including lack of variety in word choice and sentences, may hinder support for the writer's purpose and audience.","Adequate command of language, including effective word choice and clear sentences, supports the writer's purpose and audience.","Command of language, including effective and compelling word choice and varied sentence structure, clearly supports the writer's purpose and audience."
Conventions,score,1,"How well does this grade 7 writer control grammar, usage, spelling, capitalisation and punctuation for the grade level? Judge the overall pattern across the whole story: some errors are normal at grade 7. Ignore anonymisation tokens such as @CAPS1.","Ineffective use of conventions of Standard English* for grammar, usage, spelling, capitalization, and punctuation.","Limited use of conventions of Standard English* for grammar, usage, spelling, capitalization, and punctuation for the grade level.","Adequate use of conventions of Standard English* for grammar, usage, spelling, capitalization, and punctuation for the grade level.","Consistent, appropriate use of conventions of Standard English* for grammar, usage, spelling, capitalization, and punctuation for the grade level."
