Rubric name,ELLIPSE English proficiency Adjusted
Context,"ABOUT THE WRITERS: English language learners in grades 8 to 12 at US schools, each writing an argumentative essay on the assignment. Score as a trained rater of English learners would: judge every criterion against the range of writing seen in English learners at this stage, not against native speakers or adult writers. Level 3 is the typical, middle performance for these learners; use levels 4 and 5 for writers who show real control and range even if some errors remain. Judge errors by how often they occur across the whole essay and whether they get in the way of meaning, not by counting every slip."

Criterion,Type,Weight,Question for the model,1 (1),2 (2),3 (3),4 (4),5 (5)
Overall,score,1,"Overall, how well does this English learner use English to communicate their argument?",A limited range of familiar words or phrases loosely strung together; frequent errors in grammar (including syntax) and usage. Communication impeded in most cases by language inaccuracies.,"Inconsistent facility in sentence formation, word choice, and mechanics; organization partially developed but may be missing or unsuccessful. Communication impeded in many instances by language inaccuracies.",Facility limited to the use of common structures and generic vocabulary; organization generally controlled although connection sometimes absent or unsuccessful; errors in grammar and syntax and usage. Communication is impeded by language inaccuracies in some cases.,Facility in the use of language with syntactic variety and range of words and phrases; controlled organization; accuracy in grammar and conventions; occasional language inaccuracies that rarely impede communication.,"Native-like facility in the use of language with syntactic variety, Appropriate word choice and phrases; well-controlled text organization; precise use of grammar and conventions; rare language inaccuracies that do not impede communication."
Cohesion,score,1,How well does this English learner organise the essay and connect ideas within and across sentences and paragraphs?,No clear control of organization; cohesive devices not present or unsuccessfully used; presentation of ideas unclear.,Organization only partially developed with a lack of logical sequencing of ideas; some basic cohesive devices used but with inaccuracy or repetition.,"Organization generally controlled; cohesive devices used but limited in type; Some repetitive, mechanical, or faulty use of cohesion use within and/or between sentences and paragraphs.",Organization generally well controlled; a range of cohesive devices used appropriately such as reference and transitional words and phrases to connect ideas; generally appropriate overlap of ideas,Text organization consistently well controlled using a variety of effective linguistic features such as reference and transitional words and phrases to connect ideas across sentences and paragraphs; appropriate overlap of ideas.
Syntax,score,1,How varied and accurate are this English learner's sentence structures?,Pervasive and basic errors in sentence structure and word order that cause confusion; basic sentences errors common.,Some sentence variation used; many sentence structure problems.,"Simple, compound, and complex syntactic structures present although the range may be limited; some apparent errors in sentence formation, especially in more complex sentences.","Appropriate use of a variety of syntactic structures, such as simple, compound, and complex sentences; occasional errors or inappropriateness in sentence formation.","Flexible and effective use of a full range of syntactic structures including simple, compound, and complex sentences; There may be rare minor and negligible errors in sentence formation."
Vocabulary,score,1,How wide and accurate is this English learner's vocabulary for the topic?,Limited vocabulary often inappropriately used; limited control of word choice and word forms; little attempt to use topic-related terms,Narrow range of vocabulary to convey basic and elementary meaning; topic related terms used inappropriately; errors in word formation and word choice that may distort meanings,Minimally adequate range of vocabulary for the topic; no precise use of subtle word meanings; topic related terms only used occasionally; attempts to use less common vocabulary but with some inaccuracy,Sufficient range of vocabulary to allow flexibility and precision; appropriate use of topic-related terms and less common lexical items,Wide range of vocabulary flexibly and effectively used to convey precise meanings; skillful use of topic-related terms and less common words; rare negligible inaccuracies in word use.
Phraseology,score,1,"How varied and accurate are this English learner's multi-word phrases (idioms, collocations and set expressions)?","Memorized chunks of language, or simple phrasal patterns predominate; many repetitions and misuses of phrases.","Narrow range of phrases, such as collocations and lexical bundles, used to convey basic and elementary meaning; many repetitions and /or misuses of phrases.","Evident use of phrases such as idioms, collocations, and lexical bundles but without much variety; some noticeable repetitions and misuses.","Appropriate use of a variety of phrases, such as idioms, collocations, and lexical bundles; occasional inaccuracies and colloquialisms.","Flexible and effective use of a variety of phrases, such as idioms, collocations, and lexical bundles, to convey precise and subtle meanings; rare minor inaccuracies that are negligible."
Grammar,score,1,"How accurate is this English learner's grammar and usage, judged across the whole essay and relative to its length?",Errors in grammar and usage throughout.,Many errors in grammar and usage.,Some errors in grammar and usage.,Minimal errors in grammar and usage.,Command of grammar and usage with few or no errors.
Conventions,score,1,"How well does this English learner control spelling, capitalisation and punctuation, judged across the whole essay and relative to its length?","Minimal use of conventions; spelling, capitalization, and punctuation errors throughout.","Variable use of conventions; spelling, capitalization, and punctuation errors frequent and distracting.","Developing use of conventions to convey meaning; errors in spelling, capitalization, and punctuation that are sometimes distracting.","Generally consistent use of appropriate conventions to convey meaning; spelling, capitalization, and punctuation errors few and not distracting.","Consistent use of appropriate conventions to convey meaning; spelling, capitalization, and punctuation errors nonexistent or negligible."
