Rubric name,PERSUADE 2.0 argument element effectiveness

Criterion,Type,Weight,Question for the model,Ineffective (0),Adequate (1),Effective (2)
Lead,score,1,,The lead may not grab the readers' attention and may not point to the position.,The lead attempts to grab the reader’s attention and points toward the position.,The lead grabs the reader’s attention and strongly points toward the position.
Position,score,1,,"The position is not relevant to the topic, and/or it shows no clear stance.",The position addresses the topic but generally repeats the prompt's stance.,The position states a clear stance closely related to the topic.
Claim,score,1,,The claim is irrelevant to the position. It may also be weak and/or not acceptable.,The claim relates to the position but may simply repeat part of the position or state a claim without support. The claim is moderately valid and acceptable.,The claim is closely relevant to the position and backs up the position with specific points or perspectives. The claim is valid and acceptable.
Counterclaim,score,1,,The counterclaim is neither reasonable nor relevant.,"The counterclaim is not quite a reasonable opposing opinion, or it is not closely relevant to the position.",The counterclaim is reasonable and relevant. It represents a valid objection to the position.
Rebuttal,score,1,,The rebuttal misses the target. It does not refute the counterclaim.,The rebuttal does not answer the counterclaim directly and it is not strong and/or valid.,The rebuttal directly answers and refutes the counterclaim.
Evidence,score,1,,The evidence is irrelevant to the claim it backs up and provide few valid examples. The evidence uses unsubstantiated assumptions that sound quite unacceptable.,The evidence is not closely relevant to the claim it supports. The evidence contains some detailed examples but they may not be relevant to each other and only loosely bound together. The evidence uses some unsubstantiated or unsound claims or assumptions.,"The evidence is closely relevant to the claim they support and back up the claim objectively with concrete facts, examples, research, statistics, or studies. The reasons in the evidence support the claim and are sound and well substantiated."
Concluding summary,score,1,,The concluding summary is irrelevant to the claims. The conclusion may also misrepresent the claims.,The concluding summary merely copies the claims or may restates only part of the claims. It may partially misrepresent the claims.,The concluding summary effectively restates the claims using different wording. It may readdress the claims in light of the evidence provided.
